<?xml version="1.0" encoding="UTF-8"?>
<project-private xmlns="http://www.netbeans.org/ns/project-private/1">
    <editor-bookmarks xmlns="http://www.netbeans.org/ns/editor-bookmarks/2" lastBookmarkId="0"/>
    <open-files xmlns="http://www.netbeans.org/ns/projectui-open-files/2">
        <group>
            <file>file:/C:/MAMP/htdocs/passionrouge/wp-content/themes/passionrouge/sass/variables-site/_structure.scss</file>
            <file>file:/C:/MAMP/htdocs/passionrouge/wp-content/themes/passionrouge/js/script.js</file>
            <file>file:/C:/MAMP/htdocs/passionrouge/wp-content/themes/passionrouge/sass/typography/_headings.scss</file>
            <file>file:/C:/MAMP/htdocs/passionrouge/wp-content/themes/passionrouge/sass/site/primary/_posts-and-pages.scss</file>
            <file>file:/C:/MAMP/htdocs/passionrouge/wp-content/themes/passionrouge/sass/style.scss</file>
            <file>file:/C:/MAMP/htdocs/passionrouge/wp-content/themes/passionrouge/sass/typography/_typography.scss</file>
            <file>file:/C:/MAMP/htdocs/passionrouge/wp-content/themes/passionrouge/header.php</file>
            <file>file:/C:/MAMP/htdocs/passionrouge/wp-content/themes/passionrouge/sass/elements/_elements.scss</file>
            <file>file:/C:/MAMP/htdocs/passionrouge/wp-content/themes/passionrouge/sass/navigation/_menus.scss</file>
            <file>file:/C:/MAMP/htdocs/passionrouge/index.php</file>
            <file>file:/C:/MAMP/htdocs/passionrouge/wp-content/themes/passionrouge/sass/variables-site/_colors.scss</file>
        </group>
    </open-files>
</project-private>
